"","sfa","sfb"
"1",21.5,18.2999992370605
"2",25,21.5
"3",19.2999992370605,16.2999992370605
"4",33.9000015258789,32.2999992370605
"5",15.8999996185303,19.1000003814697
"6",39.9000015258789,34.5999984741211
"7",20.7999992370605,16.7999992370605
"8",33.2000007629395,31
"9",34.4000015258789,32.5
"10",20.5,18.6000003814697
"11",14.6000003814697,14
"12",15.8000001907349,15.5
"13",18.3999996185303,16.3999996185303
"14",25.5,19
"15",19,17.6000003814697
